400003,Lenna,Paprocki,907-921-2010,lpaprocki@hotmail.com,639 Main St Anchorage Anchorage AK,0
400004,Donette,Foller,513-549-4561,donette.foller@cox.net,34 Center St Hamilton Butler OH,9400
400006,Mitsue,Tollner,773-924-8565,mitsue_tollner@yahoo.com,7 Eads St Chicago Cook IL,5400
400007,Leota,Dilliard,408-813-1105,leota@hotmail.com,7 W Jackson Blvd San Jose Santa Clara CA,200
400008,Sage,Wieser,605-794-4895,sage_wieser@cox.net,5 Boston Ave #88 Sioux Falls Minnehaha SD,4900
400011,Abel,Maclead,631-677-3675,amaclead@gmail.com,37275 St  Rt 17m M Middle Island Suffolk NY,9500
400012,Kiley,Caldarera,310-254-3084,kiley.caldarera@aol.com,25 E 75th St #69 Los Angeles Los Angeles CA,1100
400013,Graciela,Ruta,440-579-7763,gruta@cox.net,98 Connecticut Ave Nw Chagrin Falls Geauga OH,5400
400015,Mattie,Poquette,602-953-6360,mattie@aol.com,73 State Road 434 E Phoenix Maricopa AZ,2500
400017,Gladys,Rim,414-377-2880,gladys.rim@rim.org,322 New Horizon Blvd Milwaukee Milwaukee WI,3100
400018,Yuki,Whobrey,313-341-4470,yuki_whobrey@aol.com,1 State Route 27 Taylor Wayne MI,5100
400019,Fletcher,Flosi,815-426-5657,fletcher.flosi@yahoo.com,394 Manchester Blvd Rockford Winnebago IL,5400
400020,Bette,Nicka,610-492-4643,bette_nicka@cox.net,6 S 33rd St Aston Delaware PA,1700
400021,Veronika,Inouye,408-813-4592,vinouye@aol.com,6 Greenleaf Ave San Jose Santa Clara CA,6900
400024,Alisha,Slusarski,732-635-3453,alisha@slusarski.com,3273 State St Middlesex Middlesex NJ,4000
400026,Chanel,Caudy,913-899-1103,chanel.caudy@caudy.org,86 Nw 66th St #8673 Shawnee Johnson KS,8500
400028,Willow,Kusko,212-934-5167,wkusko@yahoo.com,90991 Thorburn Ave New York New York NY,5700
400031,Francine,Vocelka,505-335-5293,francine_vocelka@vocelka.com,366 South Dr Las Cruces Dona Ana NM,6900
400032,Ernie,Stenseth,201-387-9093,ernie_stenseth@aol.com,45 E Liberty St Ridgefield Park Bergen NJ,5500
400034,Alishia,Sergi,212-753-2740,asergi@gmail.com,2742 Distribution Way New York New York NY,3200
400036,Jose,Stockham,212-569-4233,jose@yahoo.com,128 Bransten Rd New York New York NY,1000
400037,Rozella,Ostrosky,805-609-1531,rozella.ostrosky@ostrosky.com,17 Morena Blvd Camarillo Ventura CA,3800
400038,Valentine,Gillian,210-300-6244,valentine_gillian@gmail.com,775 W 17th St San Antonio Bexar TX,400
400039,Kati,Rulapaugh,785-219-7724,kati.rulapaugh@hotmail.com,6980 Dorsett Rd Abilene Dickinson KS,5100
400040,Youlanda,Schemmer,541-993-2611,youlanda@aol.com,2881 Lewis Rd Prineville Crook OR,7400
400041,Dyan,Oldroyd,913-645-8918,doldroyd@aol.com,7219 Woodfield Rd Overland Park Johnson KS,8800
400042,Roxane,Campain,907-335-6568,roxane@hotmail.com,1048 Main St Fairbanks Fairbanks North Star AK,5900
400043,Lavera,Perin,305-995-2078,lperin@perin.org,678 3rd Ave Miami Miami-Dade FL,900
400044,Erick,Ferencz,907-227-6777,erick.ferencz@aol.com,20 S Babcock St Fairbanks Fairbanks North Star AK,9600
400046,Jina,Briddick,617-997-5771,jina_briddick@briddick.com,38938 Park Blvd Boston Suffolk MA,8500
400048,Emerson,Bowley,608-658-7940,emerson.bowley@bowley.org,762 S Main St Madison Dane WI,4400
400049,Blair,Malet,215-794-4519,bmalet@yahoo.com,209 Decker Dr Philadelphia Philadelphia PA,3200
400050,Brock,Bolognia,212-617-5063,bbolognia@yahoo.com,4486 W O St #1 New York New York NY,9600
400051,Lorrie,Nestle,931-303-6041,lnestle@hotmail.com,39 S 7th St Tullahoma Coffee TN,1200
400052,Sabra,Uyetake,803-681-3678,sabra@uyetake.org,98839 Hawthorne Blvd #6101 Columbia Richland SC,2700
400053,Marjory,Mastella,610-379-7125,mmastella@mastella.com,71 San Mateo Ave Wayne Delaware PA,3300
400055,Tonette,Wenner,516-333-4861,twenner@aol.com,4545 Courthouse Rd Westbury Nassau NY,1400
400056,Amber,Monarrez,215-329-6386,amber_monarrez@monarrez.org,14288 Foster Ave #4121 Jenkintown Montgomery PA,7100
400057,Shenika,Seewald,818-749-8650,shenika@gmail.com,4 Otis St Van Nuys Los Angeles CA,900
400058,Delmy,Ahle,401-559-8961,delmy.ahle@hotmail.com,65895 S 16th St Providence Providence RI,9500
400060,Blondell,Pugh,401-300-8122,bpugh@aol.com,201 Hawk Ct Providence Providence RI,5100
400062,Cecily,Hollack,512-861-3814,cecily@hollack.org,59 N Groesbeck Hwy Austin Travis TX,4100
400063,Carmelina,Lindall,303-874-5160,carmelina_lindall@lindall.com,2664 Lewis Rd Littleton Douglas CO,4300
400065,Tawna,Buvens,212-462-9157,tawna@gmail.com,3305 Nabell Ave #679 New York New York NY,3400
400066,Penney,Weight,907-873-2882,penney_weight@aol.com,18 Fountain St Anchorage Anchorage AK,6300
400067,Elly,Morocco,814-420-3553,elly_morocco@gmail.com,7 W 32nd St Erie Erie PA,6500
400069,Vallie,Mondella,208-737-8439,vmondella@mondella.com,74 W College St Boise Ada ID,6800
